Id_precio,grupo_m,caracteristicas_m,consecutivo_m,precio,id_unidad,Comentarios,id_proveedores
1,LAM,361800,001,0,0022,,0001
2,LAM,361800,002,0,0022,,0001
3,LAM,361800,003,104600,0022,,0001
4,LAM,361800,004,152500,0022,,0001
5,LAM,363160,001,0,0022,,0001
6,LAM,363160,002,0,0022,,0001
7,LAM,363160,003,150000,0022,,0001
8,LAM,363160,004,220000,0022,,0001
9,LAM,361400,001,0,0022,,0001
10,LAM,361400,002,0,0022,,0001
11,LAM,361400,003,0,0022,,0001
12,LAM,361400,004,0,0022,,0001
13,LAM,361400,005,0,0022,,0001
14,LAM,361400,006,0,0022,,0001
15,LAM,361400,007,180000,0022,,0001
16,LAM,361400,008,290000,0022,,0001
17,LAM,361400,009,540000,0022,,0001
18,LAM,361400,010,740000,0022,,0001
19,LAM,361400,011,0,0022,,0001
20,LAM,361400,012,0,0022,,0001
21,LAM,365160,001,0,0022,,0001
22,LAM,365160,002,0,0022,,0001
23,LAM,365160,003,0,0022,,0001
24,LAM,365160,004,0,0022,,0001
25,LAM,365160,005,0,0022,,0001
26,LAM,365160,006,0,0022,,0001
27,LAM,365160,007,290000,0022,,0001
28,LAM,365160,008,332000,0022,,0001
29,LAM,365160,009,870000,0022,,0001
30,LAM,365160,010,926000,0022,,0001
31,LAM,365160,011,1580000,0022,,0001
32,LAM,365160,012,0,0022,,0001
33,LAM,363800,001,0,0022,,0001
34,LAM,363800,002,0,0022,,0001
35,LAM,363800,003,0,0022,,0001
36,LAM,363800,004,0,0022,,0001
37,LAM,363800,005,0,0022,,0001
38,LAM,363800,006,0,0022,,0001
39,LAM,363800,007,480000,0022,,0001
40,LAM,363800,008,412000,0022,,0001
41,LAM,363800,009,920000,0022,,0001
42,LAM,363800,010,960000,0022,,0001
43,LAM,363800,011,1600000,0022,,0001
44,LAM,363800,012,1680000,0022,,0001
45,LAM,361200,001,480000,0022,,0001
46,LAM,361200,002,582000,0022,,0001
47,LAM,361200,003,1300000,0022,,0001
48,LAM,361200,004,1360000,0022,,0001
49,LAM,361200,005,0,0022,,0001
50,LAM,361200,006,0,0022,,0001
51,LAM,365800,001,700000,0022,,0001
52,LAM,365800,002,780000,0022,,0001
53,LAM,365800,003,0,0022,,0001
54,LAM,365800,004,0,0022,,0001
55,LAM,365800,005,0,0022,,0001
56,LAM,365800,006,0,0022,,0001
57,LAM,363400,001,0,0022,,0001
58,LAM,363400,002,0,0022,,0001
59,LAM,363400,003,0,0022,,0001
60,LAM,363400,004,0,0022,,0001
61,LAM,363400,005,0,0022,,0001
62,LAM,363400,006,0,0022,,0001
63,LAM,360100,001,0,0022,,0001
64,LAM,360100,002,0,0022,,0001
65,LAM,360100,003,0,0022,,0001
66,LAM,360100,004,0,0022,,0001
67,LAM,360100,005,0,0022,,0001
68,LAM,360100,006,0,0022,,0001
69,LAM,360010,001,0,0022,,0001
70,LAM,360010,002,0,0022,,0001
71,LAM,360012,001,83000,0022,,0001
72,LAM,360012,002,134000,0022,,0001
73,LAM,360014,001,100000,0022,,0001
74,LAM,360014,002,124000,0022,,0001
75,LAM,360016,001,80000,0022,,0001
76,LAM,360016,002,92000,0022,,0001
77,LAM,360018,001,65400,0022,,0001
78,LAM,360018,002,81000,0022,,0001
79,LAM,360020,001,44160,0022,,0001
80,LAM,360020,002,67300,0022,,0001
81,LAM,360022,001,39600,0022,,0001
82,LAM,360022,002,51300,0022,,0001
83,LAM,GV0010,001,134000,0022,,0001
84,LAM,GV0010,002,192800,0022,,0001
85,LAM,GV0012,001,108240,0022,,0001
86,LAM,GV0012,002,161080,0022,,0001
87,LAM,GV0014,001,100000,0022,,0001
88,LAM,GV0014,002,128690,0022,,0001
89,LAM,GV0016,001,61940,0022,,0001
90,LAM,GV0016,002,92154,0022,,0001
91,LAM,GV0018,001,49130,0022,,0001
92,LAM,GV0018,002,73086,0022,,0001
93,LAM,GV0020,001,36315,0022,,0001
94,LAM,GV0020,002,54019,0022,,0001
95,LAM,GV0022,001,29900,0022,,0001
96,LAM,GV0022,002,44500,0022,,0001
97,LAM,FR3160,001,0,0022,,0001
98,LAM,FR1400,001,0,0022,,0001
99,LAM,FR3800,001,0,0022,,0001
100,LAM,FR1200,001,0,0022,,0001
101,LAM,FR5800,001,0,0022,,0001
102,LAM,FR5800,002,0,0022,,0001
103,LAM,FR3400,001,0,0022,,0001
104,LAM,IN1800,001,0,0022,,0001
105,LAM,IN3160,001,0,0022,,0001
106,LAM,IN1400,001,0,0022,,0001
107,LAM,IN5160,001,0,0022,,0001
108,LAM,IN3800,001,0,0022,,0001
109,LAM,IN1200,001,0,0022,,0001
110,LAM,IN5800,001,0,0022,,0001
111,LAM,IN3400,001,0,0022,,0001
112,LAM,AF1800,001,0,0022,,0001
113,LAM,AF3160,001,0,0022,,0001
114,LAM,AF1400,001,0,0022,,0001
115,LAM,283140,001,0,0022,,0001
116,LAM,283140,002,0,0022,,0001
117,LAM,283516,001,0,0022,,0001
118,LAM,283516,002,0,0022,,0001
119,LAM,283380,001,0,0022,,0001
120,LAM,283380,002,0,0022,,0001
121,ANG,360034,001,1900,0019,,0001
122,ANG,360100,001,2550,0019,,0001
123,ANG,360100,002,3820,0019,,0001
124,ANG,360112,001,3810,0019,,0001
125,ANG,360112,002,5825,0019,,0001
126,ANG,360112,003,7470,0019,,0001
127,ANG,360200,001,5560,0019,,0001
128,ANG,360200,002,8600,0019,,0001
129,ANG,360200,003,11340,0019,,0001
130,ANG,360212,001,10440,0019,,0001
131,ANG,360212,002,13570,0019,,0001
132,ANG,360300,001,17670,0019,,0001
133,ANG,360300,002,25200,0019,,0001
134,ANG,360300,003,31240,0019,,0001
135,ANG,360400,001,24170,0019,,0001
136,ANG,360400,002,34150,0019,,0001
137,ANG,360400,003,45570,0019,,0001
138,ANG,360500,001,41960,0019,,0001
139,ANG,360500,002,55960,0019,,0001
140,ANG,360600,001,49800,0019,,0001
141,ANG,360600,002,65700,0019,,0001
142,ANG,360600,003,86000,0019,,0001
143,CAN,530300,001,14762,0019,,0001
144,CAN,530400,001,19460,0019,,0001
145,CAN,530600,001,29524,0019,,0001
146,CAN,530800,001,41382,0019,,0001
147,CAN,531000,001,90024,0019,,0001
148,CAN,531200,001,74536,0019,,0001
149,PLT,360100,001,1.34,0020,,0001
150,PLT,360100,002,2.01,0020,,0001
151,PLT,360100,003,2.74,0020,,0001
152,PLT,360100,004,4.1,0020,,0001
153,PLT,360100,005,5.8,0020,,0001
154,PLT,360112,001,1.85,0020,,0001
155,PLT,360112,002,3.07,0020,,0001
156,PLT,360112,003,4.18,0020,,0001
157,PLT,360112,004,6.3,0020,,0001
158,PLT,360112,005,8.45,0020,,0001
159,PLT,360200,001,2.96,0020,,0001
160,PLT,360200,002,4.55,0020,,0001
161,PLT,360200,003,6.1,0020,,0001
162,PLT,360200,004,7.15,0020,,0001
163,PLT,360200,005,12,0020,,0001
164,PLT,360200,006,13.9,0020,,0001
165,PLT,360212,001,4.84,0020,,0001
166,PLT,360212,002,5.65,0020,,0001
167,PLT,360212,003,7,0020,,0001
168,PLT,360212,004,10,0020,,0001
169,PLT,360212,005,14.37,0020,,0001
170,PLT,360212,006,16.2,0020,,0001
171,PLT,360300,001,5.86,0020,,0001
172,PLT,360300,002,7.2,0020,,0001
173,PLT,360300,003,9.2,0020,,0001
174,PLT,360300,004,13.4,0020,,0001
175,PLT,360300,005,18.9,0020,,0001
176,PLT,360300,006,24.3,0020,,0001
177,PLT,360300,007,28.1,0020,,0001
178,PLT,360400,001,7.8,0020,,0001
179,PLT,360400,002,9.31,0020,,0001
180,PLT,360400,003,12.5,0020,,0001
181,PLT,360400,004,17.8,0020,,0001
182,PLT,360400,005,24.3,0020,,0001
183,PLT,360400,006,28.9,0020,,0001
184,PLT,360400,007,35.6,0020,,0001
185,HEA,000100,001,36740,0019,,0001
186,HEA,000120,001,43780,0019,,0001
187,HEA,000140,001,54340,0019,,0001
188,HEA,000160,001,66880,0019,,0001
189,HEA,000180,001,78100,0019,,0001
190,HEA,000200,001,93060,0019,,0001
191,HEA,000220,001,111100,0019,,0001
192,HEA,000240,001,132660,0019,,0001
193,HEA,000260,001,150040,0019,,0001
194,HEA,000280,001,168080,0019,,0001
195,HEA,000300,001,194260,0019,,0001
196,HEA,000320,001,214720,0019,,0001
197,HEA,000340,001,231000,0019,,0001
198,HEA,000360,001,246400,0019,,0001
199,HEA,000400,001,275000,0019,,0001
200,IPE,000080,001,13200,0019,,0001
201,IPE,000100,001,17280,0019,,0001
202,IPE,000120,001,22880,0019,,0001
203,IPE,000140,001,28380,0019,,0001
204,IPE,000160,001,34760,0019,,0001
205,IPE,000180,001,41360,0019,,0001
206,IPE,000200,001,49280,0019,,0001
207,IPE,000220,001,57640,0019,,0001
208,IPE,000240,001,67540,0019,,0001
209,IPE,000270,001,79420,0019,,0001
210,IPE,000300,001,92840,0019,,0001
211,IPE,000330,001,108020,0019,,0001
212,IPE,000360,001,125620,0019,,0001
213,IPE,000400,001,145860,0019,,0001
214,IPE,000450,001,170720,0019,,0001
215,IPE,000500,001,199540,0019,,0001
216,IPE,000550,001,233200,0019,,0001
217,IPE,000600,001,268400,0019,,0001
218,TUB,400034,001,4450,0019,,0001
219,TUB,400112,001,14100,0019,,0001
220,TUB,400114,001,10100,0019,,0001
221,TUB,400200,001,17486,0019,,0001
222,TUB,400212,001,24860,0019,,0001
223,TUB,400300,001,34680,0019,,0001
224,TUB,400312,001,34700,0019,,0001
225,TUB,400400,001,51940,0019,,0001
226,TUB,400500,001,79200,0019,,0001
227,TUB,400600,001,84320,0019,,0001
228,TUB,400800,001,135000,0019,,0001
229,TUB,401000,001,198990,0019,,0001
230,TUB,401200,001,276550,0019,,0001
231,TUB,401400,001,328640,0019,,0001
232,TUB,401600,001,470430,0019,,0001
233,TUB,401800,001,580000,0019,,0001
234,TUB,402000,001,700000,0019,,0001
235,TUB,402400,001,960000,0019,,0001
236,TUB,800012,001,8200,0019,,0001
237,TUB,800100,001,11250,0019,,0001
238,TUB,800112,001,19670,0019,,0001
239,TUB,800114,001,15280,0019,,0001
240,TUB,800200,001,28200,0019,,0001
241,TUB,800212,001,44200,0019,,0001
242,TUB,800300,001,58200,0019,,0001
243,TUB,800400,001,74300,0019,,0001
244,TUB,800500,001,88600,0019,,0001
245,TUB,800600,001,97400,0019,,0001
246,TUB,800800,001,185400,0019,,0001
247,TUB,801000,001,286400,0019,,0001
248,TUB,801200,001,368300,0019,,0001
249,TUB,801400,001,471250,0019,,0001
250,TUB,801600,001,599300,0019,,0001
251,TUB,801800,001,785900,0019,,0001
252,TUB,802000,001,1004200,0019,,0001
253,TUB,530112,001,11000,0019,,0001
254,TUB,530200,001,16800,0019,,0001
255,TUB,530212,001,16300,0019,,0001
256,TUB,530212,002,19500,0019,,0001
257,TUB,530300,001,24470,0019,,0001
258,TUB,530300,002,27000,0019,,0001
259,TUB,530400,001,36790,0019,,0001
260,TUB,530400,002,41860,0019,,0001
261,TUB,530400,003,43000,0019,,0001
262,TUB,530412,001,36000,0019,,0001
263,TUB,530412,002,38000,0019,,0001
264,TUB,530500,001,48000,0019,,0001
265,TUB,530512,001,54760,0019,,0001
266,TUB,530600,001,58000,0019,,0001
267,TUB,530800,001,86900,0019,,0001
268,TUB,AN0012,001,2610,0019,,0001
269,TUB,AN0100,001,12504,0019,,0001
270,TUB,AN0100,002,3540,0019,,0001
271,TUB,AN0112,001,13200,0019,,0001
272,TUB,AN0112,002,6000,0019,,0001
273,TUB,AN0114,001,12960,0019,,0001
274,TUB,AN0114,002,5500,0019,,0001
275,TUB,AN0200,001,13630,0019,,0001
276,TUB,AN0200,002,6500,0019,,0001
277,TUB,AN0212,001,13960,0019,,0001
278,TUB,AN0212,002,8700,0019,,0001
279,TUB,AN0300,001,15390,0019,,0001
280,TUB,AN0300,002,10057,0019,,0001
281,TUB,AN0400,001,17205,0019,,0001
282,TUB,AN0400,002,24680,0019,,0001
283,TUB,AN0600,001,19340,0019,,0001
284,TUB,AN0600,002,26400,0019,,0001
285,TUB,AN0800,001,22360,0019,,0001
286,TUB,AN0800,002,29470,0019,,0001
287,TUB,AN1000,001,34100,0019,,0001
288,RED,102000,001,7.1,0020,,0001
289,RED,102000,002,10.2,0020,,0001
290,RED,102000,003,13.61,0020,,0001
291,RED,102000,004,17.56,0020,,0001
292,RED,102000,005,27.65,0020,,0001
293,RED,102000,006,39.5,0020,,0001
294,RED,102000,007,69.36,0020,,0001
295,RED,102000,008,98.4,0020,,0001
296,RED,102000,009,150,0020,,0001
297,RED,102000,010,212.05,0020,,0001
298,RED,102000,011,298.65,0020,,0001
299,RED,102000,012,352,0020,,0001
300,RED,102000,013,498.5,0020,,0001
301,RED,102000,014,650,0020,,0001
302,RED,102000,015,856.8,0020,,0001
303,RED,102000,016,1239.5,0020,,0001
304,RED,102000,017,1387.32,0020,,0001
305,RED,104500,001,8.65,0020,,0001
306,RED,104500,002,11,0020,,0001
307,RED,104500,003,14.1,0020,,0001
308,RED,104500,004,19.5,0020,,0001
309,RED,104500,005,26.37,0020,,0001
310,RED,104500,006,42.1,0020,,0001
311,RED,104500,007,68.31,0020,,0001
312,RED,104500,008,105.7,0020,,0001
313,RED,104500,009,152,0020,,0001
314,RED,104500,010,220.3,0020,,0001
315,RED,104500,011,290,0020,,0001
316,RED,104500,012,342.7,0020,,0001
317,RED,104500,013,498.5,0020,,0001
318,RED,104500,014,660,0020,,0001
319,RED,104500,015,856.8,0020,,0001
320,RED,104500,016,1250,0020,,0001
321,RED,104500,017,1386,0020,,0001
322,RED,006400,001,15.6,0020,,0001
323,RED,006400,002,47.8,0020,,0001
324,RED,006400,003,62.43,0020,,0001
325,RED,006400,004,97.54,0020,,0001
326,RED,006400,005,140.4,0020,,0001
327,RED,006400,006,249.7,0020,,0001
328,ROS,GR0200,001,0,0020,,0001
329,ROS,GR0200,002,0,0020,,0001
330,ROS,GR0200,003,0,0020,,0001
331,ROS,GR0200,004,0,0020,,0001
332,ROS,GR0200,005,0,0020,,0001
333,ROS,GR0200,006,0,0020,,0001
334,ROS,GR0200,007,0,0020,,0001
335,ROS,GR0200,008,0,0020,,0001
336,ROS,GR0200,009,0,0020,,0001
337,ROS,GR0200,010,0,0020,,0001
338,ROS,GR0500,001,0,0020,,0001
339,ROS,GR0500,002,0,0020,,0001
340,ROS,GR0500,003,0,0020,,0001
341,ROS,GR0500,004,0,0020,,0001
342,ROS,GR0500,005,0,0020,,0001
343,ROS,GR0500,006,0,0020,,0001
344,ROS,GR0500,007,0,0020,,0001
345,ROS,GR0500,008,0,0020,,0001
346,ROS,GR0500,009,0,0020,,0001
347,ROS,GR0500,010,0,0020,,0001
348,ROS,GR0800,001,0,0020,,0001
349,ROS,GR0800,002,0,0020,,0001
350,ROS,GR0800,003,0,0020,,0001
351,ROS,GR0800,004,0,0020,,0001
352,ROS,GR0800,005,0,0020,,0001
353,ROS,GR0800,006,0,0020,,0001
354,ROS,GR0800,007,0,0020,,0001
355,ROS,GR0800,008,0,0020,,0001
356,ROS,GR0800,009,0,0020,,0001
357,ROS,GR0800,010,0,0020,,0001
358,HEX,12L140,001,0,0020,,0001
359,HEX,12L140,002,0,0020,,0001
360,HEX,12L140,003,0,0020,,0001
361,HEX,12L140,004,0,0020,,0001
362,HEX,12L140,005,0,0020,,0001
363,HEX,12L140,006,0,0020,,0001
364,HEX,IN0000,001,0,0020,,0001
365,HEX,IN0000,002,0,0020,,0001
366,HEX,IN0000,003,0,0020,,0001
367,HEX,IN0000,004,0,0020,,0001
368,HEX,IN0000,005,0,0020,,0001
369,HEX,IN0000,006,0,0020,,0001
370,HEX,101600,001,0,0020,,0001
371,HEX,101600,002,0,0020,,0001
372,HEX,101600,003,0,0020,,0001
373,HEX,101600,004,0,0020,,0001
374,HEX,101600,005,0,0020,,0001
375,HEX,101600,006,0,0020,,0001
376,CUA,102000,001,0,0020,,0001
377,CUA,102000,002,0,0020,,0001
378,CUA,102000,003,0,0020,,0001
379,CUA,102000,004,0,0020,,0001
380,CUA,102000,005,0,0020,,0001
381,CUA,102000,006,0,0020,,0001
382,CUA,102000,007,0,0020,,0001
383,CUA,102000,008,0,0020,,0001
384,CUA,102000,009,0,0020,,0001
385,CUA,102000,010,0,0020,,0001
386,CUA,102000,011,0,0020,,0001
387,CUA,102000,012,0,0020,,0001
388,CUA,102000,013,0,0020,,0001
389,CUA,102000,014,0,0020,,0001
390,CUA,102000,015,0,0020,,0001
391,RDM,600000,001,40000,0022,,0001
392,RDM,600200,001,12300,0022,,0001
393,RDM,600400,001,2200,0022,,0001
394,RDM,600500,001,13500,0022,,0001
395,RDM,600600,001,5500,0022,,0001
396,RDM,600600,002,5500,0022,,0001
397,RDM,600700,001,16400,0022,,0001
398,RDM,620400,001,2500,0022,,0001
399,RDM,620400,002,4650,0022,,0001
400,RDM,620400,003,2600,0022,,0001
401,RDM,620500,001,2800,0022,,0001
402,RDM,620500,002,7300,0022,,0001
403,RDM,620500,003,3400,0022,,0001
404,RDM,620500,004,3200,0022,,0001
405,RDM,620600,001,7600,0022,,0001
406,RDM,620600,002,6500,0022,,0001
407,RDM,620600,003,11400,0022,,0001
408,RDM,630400,001,6300,0022,,0001
409,RDM,630400,002,3300,0022,,0001
410,RDM,630400,003,2250,0022,,0001
411,RDM,630400,004,4200,0022,,0001
412,RDM,630400,005,12500,0022,,0001
413,RDM,630400,006,3100,0022,,0001
414,RDM,630600,001,14800,0022,,0001
415,RDM,630900,001,40200,0022,,0001
416,RTN,020047,001,0,0022,,0001
417,RTN,020052,001,0,0022,,0001
418,RTN,025052,001,0,0022,,0001
419,RTN,060100,001,0,0022,,0001
420,RTN,070100,001,0,0022,,0001
421,RTN,075095,001,0,0022,,0001
422,RTN,080110,001,0,0022,,0001
423,RTN,110130,001,0,0022,,0001
424,RTN,135170,001,0,0022,,0001
425,MAZ,008947,001,7738,0022,,0001
426,MAZ,008952,001,10961,0022,,0001
427,MAZ,010147,001,9792,0022,,0001
428,MAZ,013347,001,11804,0022,,0001
429,MAZ,013352,001,14749,0022,,0001
430,MAZ,015962,001,23968,0022,,0001
431,SEL,LA0001,001,0,0022,,0001
432,SEL,LA0001,001,0,0022,,0001
433,SEL,LA0001,001,0,0022,,0001
434,SEL,LA0001,001,0,0022,,0001
435,SEL,LA0001,001,0,0022,,0001
436,SEL,LA0001,001,0,0022,,0001
437,SEL,LA0001,001,0,0022,,0001
438,SEL,LA0001,001,0,0022,,0001
439,SEL,LA0001,001,0,0022,,0001
440,SEL,LA0001,001,0,0022,,0001
441,SOP,FY0000,001,25000,0022,,0001
442,SOP,FY0000,002,28000,0022,,0001
443,SOP,FY0000,003,32680,0022,,0001
444,SOP,FY0000,004,34300,0022,,0001
445,SOP,FY0000,005,45000,0022,,0001
446,SOP,FY0000,006,52460,0022,,0001
447,SOP,SN0000,001,226000,0022,,0001
448,SOP,SN0000,002,235600,0022,,0001
449,SOP,SNH000,001,216000,0022,,0001
450,SOP,SNH000,002,496000,0022,,0001
451,SOP,SY0000,001,40000,0022,,0001
452,SOP,SY0000,002,44500,0022,,0001
453,SOP,SY0000,003,32700,0022,,0001
454,SOP,SY0000,004,36000,0022,,0001
455,SOP,SY0000,005,38500,0022,,0001
456,SOP,SY0000,006,41200,0022,,0001
457,SOP,SY0000,007,45000,0022,,0001
458,SOP,SY0000,008,55600,0022,,0001
459,SOP,SY0000,009,63000,0022,,0001
460,SOP,SY0000,010,86400,0022,,0001
461,SOP,SY0000,011,117500,0022,,0001
462,SOP,SY0000,012,102760,0022,,0001
463,SOP,SY0000,013,56900,0022,,0001
464,SOP,SY0000,014,63890,0022,,0001
465,SOP,SY0000,015,77640,0022,,0001
466,SOP,SY0000,016,66700,0022,,0001
467,SOP,SY0000,017,181500,0022,,0001
468,SOP,SY0000,018,132000,0022,,0001
469,SOP,SY0000,019,189000,0022,,0001
470,SOP,SY0000,020,342000,0022,,0001
471,CIM,060089,001,2370,0022,,0001
472,CIM,060102,001,3447,0022,,0001
473,CIM,073114,001,3506,0022,,0001
474,CIM,089127,001,4786,0022,,0001
475,CIM,089133,001,6143,0022,,0001
476,CIM,089152,001,7369,0022,,0001
477,CIN,200000,001,110285,0019,,0001
478,CIN,240000,001,119292,0019,,0001
479,CIN,300000,001,153283,0019,,0001
480,CIN,300000,002,149115,0019,,0001
481,CIN,360000,001,195560,0019,,0001
482,CIN,360000,002,200918,0019,,0001
483,CIN,420000,001,231598,0019,,0001
484,CIN,480000,001,251140,0019,,0001
485,GUD,380000,001,17560,0019,,0001
486,GUD,380000,002,26350,0019,,0001
487,GUD,380000,003,35135,0019,,0001
488,REV,LE0038,001,0,0021,,0001
489,REV,LE0012,001,0,0021,,0001
490,REV,LE0034,001,0,0021,,0001
491,REV,LE0078,001,0,0021,,0001
492,REV,LR0038,001,0,0021,,0001
493,REV,LR0012,001,0,0021,,0001
494,REV,LR0034,001,0,0021,,0001
495,REV,LR0078,001,0,0021,,0001
496,EST,CB2018,001,173017,0022,,0001
497,EST,CB2024,001,188570,0022,,0001
498,EST,CB2030,001,202178,0022,,0001
499,EST,CB2036,001,219673,0022,,0001
500,EST,CB3518,001,173017,0022,,0001
501,EST,CB3524,001,188570,0022,,0001
502,EST,CB3530,001,202178,0022,,0001
503,EST,CB3536,001,219673,0022,,0001
504,EST,CC2018,001,219197,0022,,0001
505,EST,CC2024,001,223562,0022,,0001
506,EST,CC2030,001,243002,0022,,0001
507,EST,CC2036,001,258554,0022,,0001
508,EST,CC2042,001,276049,0022,,0001
509,EST,CC2048,001,293546,0022,,0001
510,EST,CC2054,001,347978,0022,,0001
511,EST,CC2060,001,431571,0022,,0001
512,EST,CC3518,001,219160,0022,,0001
513,EST,CC3524,001,223562,0022,,0001
514,EST,CC3530,001,243002,0022,,0001
515,EST,CC3536,001,258554,0022,,0001
516,EST,CC3542,001,276049,0022,,0001
517,EST,CC3548,001,293546,0022,,0001
518,EST,CC3554,001,347978,0022,,0001
519,EST,CC3560,001,431571,0022,,0001
520,EST,CI2024,001,540436,0022,,0001
521,EST,CI2030,001,583205,0022,,0001
522,EST,CI2036,001,627916,0022,,0001
523,EST,CI2042,001,670684,0022,,0001
524,EST,CI2048,001,713453,0022,,0001
525,EST,CI2060,001,981727,0022,,0001
526,EST,CI3024,001,540436,0022,,0001
527,EST,CI3030,001,583205,0022,,0001
528,EST,CI3036,001,627916,0022,,0001
529,EST,CI3042,001,670684,0022,,0001
530,EST,CI3048,001,713453,0022,,0001
531,MGT,200000,001,0,0022,,0001
532,MGT,200316,001,0,0022,,0001
533,MGT,200014,001,0,0022,,0001
534,MGT,200716,001,0,0022,,0001
535,MGT,200012,001,0,0022,,0001
536,MGT,200034,001,0,0022,,0001
537,MGT,201516,001,0,0022,,0001
538,MGT,300000,001,0,0022,,0001
539,MGT,300316,001,0,0022,,0001
540,MGT,300014,001,0,0022,,0001
541,MGT,300716,001,0,0022,,0001
542,MGT,300012,001,0,0022,,0001
543,MGT,300034,001,0,0022,,0001
544,MGT,301516,001,0,0022,,0001
545,MGT,400000,001,0,0022,,0001
546,ROD,CRRD24,001,215786,0022,,0001
547,ROD,CRRD30,001,239114,0022,,0001
548,ROD,CRRD36,001,281882,0022,,0001
549,ROD,CRRD42,001,346045,0022,,0001
550,ROD,CRRD48,001,377138,0022,,0001
551,ROD,BR0018,001,104976,0022,,0001
552,ROD,BR0024,001,112753,0022,,0001
553,ROD,BR0030,001,116641,0022,,0001
554,ROD,BR0036,001,124417,0022,,0001
555,ROD,CR0018,001,115871,0022,,0001
556,ROD,CR0024,001,120529,0022,,0001
557,ROD,CR0030,001,130249,0022,,0001
558,ROD,CR0036,001,141913,0022,,0001
559,ROD,CR0042,001,149689,0022,,0001
560,ROD,CR0048,001,159409,0022,,0001
561,ROD,CR0054,001,171073,0022,,0001
562,ROD,CR0060,001,184681,0022,,0001
563,TAM,LP0820,001,1010663,0022,,0001
564,TAM,LP0826,001,1120859,0022,,0001
565,TAM,LP0832,001,1239061,0022,,0001
566,TAM,LP0838,001,1402918,0022,,0001
567,TAM,LP1020,001,1052367,0022,,0001
568,TAM,LP1026,001,1141363,0022,,0001
569,TAM,LP1032,001,1285570,0022,,0001
570,TAM,LP1038,001,1481339,0022,,0001
571,TAM,LP1220,001,1098034,0022,,0001
572,TAM,LP1226,001,1212814,0022,,0001
573,TAM,LP1232,001,1356655,0022,,0001
574,TAM,LP1232,002,1608656,0022,,0001
575,TAM,LP1238,001,1576412,0022,,0001
576,TAM,LP1238,002,1855278,0022,,0001
577,TAM,LP1244,001,1954255,0022,,0001
578,TAM,LP1251,001,2268440,0022,,0001
579,TAM,LP1263,001,2705307,0022,,0001
580,TAM,LP1426,001,1333342,0022,,0001
581,TAM,LP1426,002,1564212,0022,,0001
582,TAM,LP1432,001,1551056,0022,,0001
583,TAM,LP1432,002,1797226,0022,,0001
584,TAM,LP1438,001,1735821,0022,,0001
585,TAM,LP1438,002,2010799,0022,,0001
586,TAM,LP1444,001,2220585,0022,,0001
587,TAM,LP1451,001,2846608,0022,,0001
588,TAM,LP1463,001,3383883,0022,,0001
589,TAM,LP1626,001,1576345,0022,,0001
590,TAM,LP1626,002,1799339,0022,,0001
591,TAM,LP1626,003,2117268,0022,,0001
592,TAM,LP1632,001,1727007,0022,,0001
593,TAM,LP1632,002,1966355,0022,,0001
594,TAM,LP1632,003,2305574,0022,,0001
595,TAM,LP1638,001,2196324,0022,,0001
596,TAM,LP1638,002,2546423,0022,,0001
597,TAM,LP1644,001,2905857,0022,,0001
598,TAM,LP1651,001,3173203,0022,,0001
599,TAM,LP1826,001,1920307,0022,,0001
600,TAM,LP1826,002,2249462,0022,,0001
601,TAM,LP1832,001,2461095,0022,,0001
602,TAM,LP1832,002,2906438,0022,,0001
603,TAM,LP1838,001,2752489,0022,,0001
604,TAM,LP1838,002,3205724,0022,,0001
605,TAM,LP1844,001,3518517,0022,,0001
606,TAM,LP1851,001,3885736,0022,,0001
607,TAM,LP2026,001,2969065,0022,,0001
608,TAM,LP2032,001,3509083,0022,,0001
609,TAM,WP0820,001,3524262,0022,,0001
610,TAM,WP0826,001,3930841,0022,,0001
611,TAM,WP0832,001,6004698,0022,,0001
612,TAM,WP0838,001,6607354,0022,,0001
613,TAM,WP1020,001,3985459,0022,,0001
614,TAM,WP1026,001,4387777,0022,,0001
615,TAM,WP1032,001,5044740,0022,,0001
616,TAM,WP1038,001,6265270,0022,,0001
617,TAM,WP1044,001,6682760,0022,,0001
618,TAM,WP1220,001,7367463,0022,,0001
619,TAM,WP1226,001,800636,0022,,0001
620,TAM,WP0826,001,979269,0022,,0001
621,TAM,WP0832,001,1069577,0022,,0001
622,TAM,WP0838,001,1261064,0022,,0001
623,TAM,WP1020,001,857012,0022,,0001
624,TAM,WP1026,001,1053141,0022,,0001
625,TAM,WP1032,001,1149282,0022,,0001
626,TAM,WP1038,001,1359218,0022,,0001
627,TAM,WP1044,001,1639001,0022,,0001
628,TAM,WP1220,001,795306,0022,,0001
629,TAM,WP1226,001,1099798,0022,,0001
630,TAM,WP1232,001,1215378,0022,,0001
631,TAM,WP1232,002,1459788,0022,,0001
632,TAM,WP1238,001,1372826,0022,,0001
633,TAM,WP1238,002,1617125,0022,,0001
634,TAM,WP1244,001,1827570,0022,,0001
635,TAM,WP1251,001,1943656,0022,,0001
636,TAM,WP1263,001,2454505,0022,,0001
637,TAM,WP1426,001,1319471,0022,,0001
638,TAM,WP1432,001,1433107,0022,,0001
639,TAM,WP1432,002,1669742,0022,,0001
640,TAM,WP1438,001,1683869,0022,,0001
641,TAM,WP1438,002,1915218,0022,,0001
642,TAM,WP1444,001,2047243,0022,,0001
643,TAM,WP1451,001,2608143,0022,,0001
644,TAM,WP1463,001,3112170,0022,,0001
645,TAM,WP1626,001,1311695,0022,,0001
646,TAM,WP1626,002,1538372,0022,,0001
647,TAM,WP1632,001,1508924,0022,,0001
648,TAM,WP1632,002,1755278,0022,,0001
649,TAM,WP1638,001,2325454,0022,,0001
650,TAM,WP1644,001,2519647,0022,,0001
651,TAM,WP1651,001,2845313,0022,,0001
652,TAM,WP1826,001,1666677,0022,,0001
653,TAM,WP1832,001,2120597,0022,,0001
654,TAM,WP1838,001,2430430,0022,,0001
655,TAM,WP1844,001,2811249,0022,,0001
656,TAM,WP1844,002,3236664,0022,,0001
657,TAM,WP1851,001,3637711,0022,,0001
658,TAM,WP2026,001,2088757,0022,,0001
659,TAM,WP2032,001,2318887,0022,,0001
660,TAM,WP2038,001,3053300,0022,,0001
661,TAM,WP2044,001,3533879,0022,,0001
662,TAM,WP2051,001,3980847,0022,,0001
663,RAS,LMP180,001,0,0022,,0001
664,RAS,LMP180,002,0,0022,,0001
665,RAS,LMP200,001,0,0022,,0001
666,RAS,LMP200,002,0,0022,,0001
667,RAS,LMP240,001,0,0022,,0001
668,RAS,LMP240,002,0,0022,,0001
669,RAS,LMP240,003,0,0022,,0001
670,RAS,LMP240,004,0,0022,,0001
671,RAS,LMP300,001,0,0022,,0001
672,RAS,LMP300,002,0,0022,,0001
673,RAS,LMP300,003,0,0022,,0001
674,RAS,LMP300,004,0,0022,,0001
675,RAS,LMP360,001,0,0022,,0001
676,RAS,LMP360,002,0,0022,,0001
677,RAS,LMP360,003,0,0022,,0001
678,RAS,LMP360,004,0,0022,,0001
679,RAS,LMP420,001,0,0022,,0001
680,RAS,LMP420,002,0,0022,,0001
681,RAS,LMP420,003,0,0022,,0001
682,RAS,LMP420,004,0,0022,,0001
683,RAS,LMP480,001,0,0022,,0001
684,RAS,LMP480,002,0,0022,,0001
685,RAS,LMP480,003,0,0022,,0001
686,RAS,LMP540,001,0,0022,,0001
687,RAS,LMP600,001,0,0022,,0001
688,AJU,IND000,001,0,0017,,0001
689,ANT,OL0000,001,48000,0017,,0001
690,ANT,RO0000,001,48000,0017,,0001
691,ANT,RO0000,002,48000,0017,,0001
692,ANT,RO0000,003,50000,0017,,0001
693,ANT,RO0000,004,50000,0017,,0001
694,ANT,VE0000,001,48000,0017,,0001
695,ANT,VE0000,002,50000,0017,,0001
696,ANT,VE0000,003,50000,0017,,0001
697,ANT,NA0000,001,48000,0017,,0001
698,ANT,NA0000,002,49600,0017,,0001
699,ANT,NA0000,003,50000,0017,,0001
700,ANT,AM0000,001,49600,0017,,0001
701,ANT,AM0000,001,50000,0017,,0001
702,ANT,AR0000,001,50000,0017,,0001
703,ANT,GR0000,001,50000,0017,,0001
704,ANT,RC0000,001,49600,0017,,0001
705,CTL,IND000,001,0,0017,,0001
706,CTL,IND000,002,0,0017,,0001
707,CTL,IND000,003,0,0017,,0001
708,DES,IND000,001,0,0017,,0001
709,DES,IND000,002,0,0017,,0001
710,PEG,BOX000,001,0,0017,,0001
711,PEG,TIC000,001,0,0017,,0001
712,PEG,SBO000,002,0,0017,,0001
713,PEN,MET000,001,0,0017,,0001
714,PEN,MET000,002,0,0017,,0001
715,PEN,SPO000,003,0,0017,,0001
716,PNT,AC0000,001,58000,0017,,0001
717,PNT,AC0000,002,58000,0017,,0001
718,PNT,AC0000,003,58000,0017,,0001
719,PNT,AC0000,004,58000,0017,,0001
720,PNT,AC0000,005,58000,0017,,0001
721,PNT,AC0000,006,58000,0017,,0001
722,PNT,AC0000,007,58000,0017,,0001
723,PNT,AC0000,008,58000,0017,,0001
724,PNT,AC0000,009,58000,0017,,0001
725,PNT,AC0000,010,58000,0017,,0001
726,PNT,EP0000,001,64000,0017,,0001
727,PNT,EP0000,002,64000,0017,,0001
728,PNT,EP0000,003,64000,0017,,0001
729,PNT,EP0000,004,64000,0017,,0001
730,PNT,EP0000,005,64000,0017,,0001
731,PNT,EP0000,006,64000,0017,,0001
732,PNT,SN0000,001,62000,0017,,0001
733,PNT,SN0000,002,62000,0017,,0001
734,PNT,SN0000,001,62000,0017,,0001
735,PNT,SN0000,002,62000,0017,,0001
736,PNT,SN0000,003,62000,0017,,0001
737,PNT,SN0000,004,62000,0017,,0001
738,PNT,SN0000,005,62000,0017,,0001
739,PNT,SN0000,006,62000,0017,,0001
740,PNT,SN0000,007,62000,0017,,0001
741,PNT,SN0000,008,62000,0017,,0001
742,PNT,SN0000,009,62000,0017,,0001
743,PNT,SN0000,010,62000,0017,,0001
744,PNT,SN0000,011,62000,0017,,0001
745,PNT,SN0000,012,62000,0017,,0001
746,PNT,SN0000,013,62000,0017,,0001
747,PNT,SN0000,014,62000,0017,,0001
748,PNT,SN0000,015,62000,0017,,0001
749,PNT,SN0000,016,62000,0017,,0001
750,PNT,SN0000,017,62000,0017,,0001
751,PNT,SN0000,018,62000,0017,,0001
752,PNT,SN0000,019,62000,0017,,0001
753,PNT,SN0000,020,62000,0017,,0001
754,PNT,SN0000,021,62000,0017,,0001
755,PNT,SN0000,022,62000,0017,,0001
756,PNT,PL0000,001,0,0017,,0001
757,PNT,PL0000,002,0,0017,,0001
758,PRI,ACDI00,001,0,0017,,0001
759,PRI,ACDI00,002,0,0017,,0001
760,PRI,ACDI00,003,0,0017,,0001
761,PRI,ACDI00,004,0,0017,,0001
762,PRI,ACDI00,005,0,0017,,0001
763,THI,AC0000,001,0,0017,,0001
764,THI,AC0000,002,0,0017,,0001
765,THI,AC0000,003,0,0017,,0001
766,THI,AC0000,004,0,0017,,0001
767,SOL,EP0000,001,0,0017,,0001
768,SOL,EP0000,002,0,0017,,0001
769,SOL,PVC000,001,0,0017,,0001
770,SOL,PVC000,002,0,0017,,0001
771,SOL,VAR000,001,0,0017,,0001
772,CAD,ANSIS0,001,0,0019,,0001
773,CAD,ANSIS0,002,0,0019,,0001
774,CAD,ANSIS0,003,0,0019,,0001
775,CAD,ANSIS0,004,0,0019,,0001
776,CAD,ANSIS0,005,0,0019,,0001
777,CAD,ANSIS0,006,0,0019,,0001
778,CAD,ANSID0,001,0,0019,,0001
779,CAD,ANSID0,002,0,0019,,0001
780,CAD,ANSID0,003,0,0019,,0001
781,CAD,ANSID0,004,0,0019,,0001
782,CAD,ANSID0,005,0,0019,,0001
783,CAD,ANSIT0,001,0,0019,,0001
784,CAD,ANSIT0,002,0,0019,,0001
785,CAD,ANSIT0,003,0,0019,,0001
786,CAD,ANSIT0,004,0,0019,,0001
787,CAD,ANSIT0,005,0,0019,,0001
788,MOT,ABB000,001,879000,0022,,0001
789,MOT,ABB000,002,1090000,0022,,0001
790,MOT,ABB000,003,1888000,0022,,0001
791,MOT,ABB000,004,1560000,0022,,0001
792,MOT,ABB000,005,2960000,0022,,0001
793,MOT,SIE000,001,1165000,0022,,0001
794,MOT,SIE000,002,1185000,0022,,0001
795,MOT,SIE000,003,1863000,0022,,0001
796,MOT,SIE000,004,4048000,0022,,0001
797,MOT,SIE000,005,6626000,0022,,0001
798,MOT,SIE000,006,1170000,0022,,0001
799,MOT,SIE000,007,1870000,0022,,0001
800,MOT,SIE000,008,4050000,0022,,0001
801,MOT,WEG000,001,189000,0022,,0001
802,MOT,WEG000,002,192500,0022,,0001
803,MOT,WEG000,003,205000,0022,,0001
804,MOT,WEG000,004,278500,0022,,0001
805,MOT,WEG000,005,321000,0022,,0001
806,MOT,WEG000,006,379500,0022,,0001
807,MOT,WEG000,007,422500,0022,,0001
808,MOT,WEG000,008,475000,0022,,0001
809,MOT,WEG000,009,555500,0022,,0001
810,MOT,WEG000,010,634500,0022,,0001
811,MOT,WEG000,011,790000,0022,,0001
812,MOT,WEG000,012,1000000,0022,,0001
813,MOT,WEG000,013,1382500,0022,,0001
814,MOT,WEG000,014,1707500,0022,,0001
815,MOT,WEG000,015,2222500,0022,,0001
816,MOT,WEG000,016,3061000,0022,,0001
817,MOT,WEG000,017,3466500,0022,,0001
818,MOT,WEG000,018,4432000,0022,,0001
819,MOT,WEG000,019,5260000,0022,,0001
820,MOT,WEG000,020,6786000,0022,,0001
821,MOT,WEG000,021,8383500,0022,,0001
822,MOT,WEG000,022,9674000,0022,,0001
823,MOT,WEG000,023,11166000,0022,,0001
824,MOT,WEG000,024,12099000,0022,,0001
825,MOT,WEG000,025,14494000,0022,,0001
826,MOT,WEG000,026,426000,0022,,0001
827,MOT,WEG000,027,900000,0022,,0001
828,MOT,WEG000,028,1400000,0022,,0001
829,MOT,WEG000,029,3100000,0022,,0001
830,MOT,WEG000,030,4450000,0022,,0001
831,MOT,WEG000,031,6800000,0022,,0001
832,MOT,WEG000,032,12100000,0022,,0001
833,PIO,25A010,001,0,0022,,0001
834,PIO,25A016,001,0,0022,,0001
835,PIO,25A020,001,0,0022,,0001
836,PIO,25A022,001,0,0022,,0001
837,PIO,25A026,001,0,0022,,0001
838,PIO,25A030,001,0,0022,,0001
839,PIO,25A036,001,0,0022,,0001
840,PIO,25A040,001,0,0022,,0001
841,PIO,25A046,-00,0,0022,,0001
842,PIO,25A050,001,0,0022,,0001
843,PIO,25A060,001,0,0022,,0001
844,PIO,25B010,001,0,0022,,0001
845,PIO,25B016,001,0,0022,,0001
846,PIO,25B020,001,0,0022,,0001
847,PIO,25B022,001,0,0022,,0001
848,PIO,25B260,001,0,0022,,0001
849,PIO,25B030,001,0,0022,,0001
850,PIO,25B036,001,0,0022,,0001
851,PIO,25B040,001,0,0022,,0001
852,PIO,25B046,001,0,0022,,0001
853,PIO,25B050,001,0,0022,,0001
854,PIO,25B060,001,0,0022,,0001
855,PIO,35A010,001,0,0022,,0001
856,PIO,35A016,001,0,0022,,0001
857,PIO,35A020,001,0,0022,,0001
858,PIO,35A022,001,0,0022,,0001
859,PIO,35A026,001,0,0022,,0001
860,PIO,35A030,001,0,0022,,0001
861,PIO,35A036,001,0,0022,,0001
862,PIO,35A040,001,0,0022,,0001
863,PIO,35A046,001,0,0022,,0001
864,PIO,35A050,001,0,0022,,0001
865,PIO,35A060,001,0,0022,,0001
866,PIO,35B010,001,0,0022,,0001
867,PIO,35B016,001,0,0022,,0001
868,PIO,35B020,001,0,0022,,0001
869,PIO,35B022,001,0,0022,,0001
870,PIO,35B026,001,0,0022,,0001
871,PIO,35B030,001,0,0022,,0001
872,PIO,35B036,001,0,0022,,0001
873,PIO,35B040,001,0,0022,,0001
874,PIO,35B046,001,0,0022,,0001
875,PIO,35B050,001,0,0022,,0001
876,PIO,35B060,001,0,0022,,0001
877,PIO,35B102,001,0,0022,,0001
878,PIO,35B162,001,0,0022,,0001
879,PIO,35B202,001,0,0022,,0001
880,PIO,35B222,001,0,0022,,0001
881,PIO,35B262,001,0,0022,,0001
882,PIO,35B302,001,0,0022,,0001
883,PIO,35B362,001,0,0022,,0001
884,PIO,35B402,001,0,0022,,0001
885,PIO,35B462,001,0,0022,,0001
886,PIO,35B502,001,0,0022,,0001
887,PIO,35B602,001,0,0022,,0001
888,PIO,35B103,001,0,0022,,0001
889,PIO,35B163,001,0,0022,,0001
890,PIO,35B203,001,0,0022,,0001
891,PIO,35B223,001,0,0022,,0001
892,PIO,35B263,001,0,0022,,0001
893,PIO,35B303,001,0,0022,,0001
894,PIO,35B363,001,0,0022,,0001
895,PIO,35B403,001,0,0022,,0001
896,PIO,35B463,001,0,0022,,0001
897,PIO,35B503,001,0,0022,,0001
898,PIO,35B603,001,0,0022,,0001
899,PIO,40A010,001,0,0022,,0001
900,PIO,40A016,001,0,0022,,0001
901,PIO,40A020,001,0,0022,,0001
902,PIO,40A022,001,0,0022,,0001
903,PIO,40A026,001,0,0022,,0001
904,PIO,40A030,001,0,0022,,0001
905,PIO,40A036,001,0,0022,,0001
906,PIO,40A040,001,0,0022,,0001
907,PIO,40A046,001,0,0022,,0001
908,PIO,40A050,001,0,0022,,0001
909,PIO,40A060,001,0,0022,,0001
910,PIO,40B010,001,0,0022,,0001
911,PIO,40B016,001,0,0022,,0001
912,PIO,40B020,001,0,0022,,0001
913,PIO,40B022,001,0,0022,,0001
914,PIO,40B026,001,0,0022,,0001
915,PIO,40B030,001,0,0022,,0001
916,PIO,40B036,001,0,0022,,0001
917,PIO,40B040,001,0,0022,,0001
918,PIO,40B046,001,0,0022,,0001
919,PIO,40B050,001,0,0022,,0001
920,PIO,40B060,001,0,0022,,0001
921,PIO,40B102,001,0,0022,,0001
922,PIO,40B162,001,0,0022,,0001
923,PIO,40B202,001,0,0022,,0001
924,PIO,40B222,001,0,0022,,0001
925,PIO,40B262,001,0,0022,,0001
926,PIO,40B302,001,0,0022,,0001
927,PIO,40B362,001,0,0022,,0001
928,PIO,40B402,001,0,0022,,0001
929,PIO,40B462,001,0,0022,,0001
930,PIO,40B502,001,0,0022,,0001
931,PIO,40B602,001,0,0022,,0001
932,PIO,40B103,001,0,0022,,0001
933,PIO,40B163,001,0,0022,,0001
934,PIO,40B203,001,0,0022,,0001
935,PIO,40B223,001,0,0022,,0001
936,PIO,40B263,001,0,0022,,0001
937,PIO,40B303,001,0,0022,,0001
938,PIO,40B363,001,0,0022,,0001
939,PIO,40B403,001,0,0022,,0001
940,PIO,40B463,001,0,0022,,0001
941,PIO,40B503,001,0,0022,,0001
942,PIO,40B603,001,0,0022,,0001
943,RDT,SEW000,001,760000,0022,,0001
944,RDT,SEW000,002,1250000,0022,,0001
945,RDT,SEW000,003,1190000,0022,,0001
946,RDT,SEW000,004,2070000,0022,,0001
947,RDT,SEW000,005,1300000,0022,,0001
948,RDT,SEW000,006,1430000,0022,,0001
949,RDT,SEW000,007,2700000,0022,,0001
950,RDT,SEW000,008,2120000,0022,,0001
951,RDT,SEW000,009,2925000,0022,,0001
952,RDT,SEW000,010,1920000,0022,,0001
953,RDT,SEW000,011,2595000,0022,,0001
954,RDT,SEW000,012,3110000,0022,,0001
955,RDT,SEW000,013,2760000,0022,,0001
956,RDT,SEW000,014,2220000,0022,,0001
957,RDT,SEW000,015,3000000,0022,,0001
958,RDT,RAM000,001,820000,0022,,0001
959,RDT,RAM000,002,860000,0022,,0001
960,RDT,RAM000,003,1280000,0022,,0001
961,RDT,RAM000,004,1300000,0022,,0001
962,RDT,RAM000,005,1450000,0022,,0001
963,RDT,RAM000,006,2200000,0022,,0001
964,RDT,RAM000,007,2100000,0022,,0001
965,RDT,RAM000,008,2600000,0022,,0001
966,RDT,RAM000,009,2750000,0022,,0001
967,RDT,RAM000,010,3120000,0022,,0001
968,ARA,APZ000,001,0,0022,,0001
969,ARA,APZ000,002,0,0022,,0001
970,ARA,APZ000,003,0,0022,,0001
971,ARA,APZ000,004,0,0022,,0001
972,ARA,APZ000,005,0,0022,,0001
973,ARA,APZ000,006,0,0022,,0001
974,ARA,APZ000,007,0,0022,,0001
975,ARA,APZ000,008,0,0022,,0001
976,ARA,APZ000,009,0,0022,,0001
977,ARA,APZ000,010,0,0022,,0001
978,ARA,APZ000,011,0,0022,,0001
979,ARA,APZ000,012,0,0022,,0001
980,ARA,APZ000,013,0,0022,,0001
981,ARI,APL000,001,0,0022,,0001
982,ARI,APL000,002,0,0022,,0001
983,ARI,APL000,003,0,0022,,0001
984,ARI,APL000,004,0,0022,,0001
985,ARI,APL000,005,0,0022,,0001
986,ARI,APL000,006,0,0022,,0001
987,ARI,APL000,007,0,0022,,0001
988,ARI,APL000,008,0,0022,,0001
989,ARI,APL000,009,0,0022,,0001
990,ARI,APL000,010,0,0022,,0001
991,ARA,AW0000,001,0,0022,,0001
992,ARA,AW0000,002,0,0022,,0001
993,ARA,AW0000,003,0,0022,,0001
994,ARA,AW0000,004,0,0022,,0001
995,ARA,AW0000,005,0,0022,,0001
996,ARA,AW0000,006,0,0022,,0001
997,ARA,AW0000,007,0,0022,,0001
998,ARA,AW0000,008,0,0022,,0001
999,ARA,AW0000,009,0,0022,,0001
1000,ARA,AW0000,010,0,0022,,0001
1001,ARI,AWI000,001,0,0022,,0001
1002,ARI,AWI000,002,0,0022,,0001
1003,ARI,AWI000,003,0,0022,,0001
1004,ARI,AWI000,004,0,0022,,0001
1005,ARI,AWI000,005,0,0022,,0001
1006,ARI,AWI000,006,0,0022,,0001
1007,ARI,AWI000,007,0,0022,,0001
1008,ARI,AWI000,008,0,0022,,0001
1009,ARI,AWI000,009,0,0022,,0001
1010,ARI,AWI000,010,0,0022,,0001
1011,TOR,TCH140,001,0,0022,,0001
1012,TOR,TCH140,002,0,0022,,0001
1013,TOR,TCH140,003,0,0022,,0001
1014,TOR,TCH140,004,0,0022,,0001
1015,TOR,TCH140,005,0,0022,,0001
1016,TOR,TCH140,006,0,0022,,0001
1017,TOR,TCH140,007,0,0022,,0001
1018,TOR,TCH140,008,0,0022,,0001
1019,TOR,TCH140,009,0,0022,,0001
1020,TOR,TCH140,010,0,0022,,0001
1021,TOR,TCH140,011,0,0022,,0001
1022,TOR,TCH140,012,0,0022,,0001
1023,TOR,TCH140,013,0,0022,,0001
1024,TOR,TCH516,001,0,0022,,0001
1025,TOR,TCH516,002,0,0022,,0001
1026,TOR,TCH516,003,0,0022,,0001
1027,TOR,TCH516,004,0,0022,,0001
1028,TOR,TCH516,005,0,0022,,0001
1029,TOR,TCH516,006,0,0022,,0001
1030,TOR,TCH516,007,0,0022,,0001
1031,TOR,TCH516,008,0,0022,,0001
1032,TOR,TCH516,009,0,0022,,0001
1033,TOR,TCH516,010,0,0022,,0001
1034,TOR,TCH516,011,0,0022,,0001
1035,TOR,TCH516,012,0,0022,,0001
1036,TOR,TCH380,001,0,0022,,0001
1037,TOR,TCH380,002,0,0022,,0001
1038,TOR,TCH380,003,0,0022,,0001
1039,TOR,TCH380,004,0,0022,,0001
1040,TOR,TCH380,005,0,0022,,0001
1041,TOR,TCH380,006,0,0022,,0001
1042,TOR,TCH380,007,0,0022,,0001
1043,TOR,TCH380,008,0,0022,,0001
1044,TOR,TCH380,009,0,0022,,0001
1045,TOR,TCH380,010,0,0022,,0001
1046,TOR,TCH380,011,0,0022,,0001
1047,TOR,TCH716,001,0,0022,,0001
1048,TOR,TCH716,002,0,0022,,0001
1049,TOR,TCH716,003,0,0022,,0001
1050,TOR,TCH716,004,0,0022,,0001
1051,TOR,TCH716,005,0,0022,,0001
1052,TOR,TCH716,006,0,0022,,0001
1053,TOR,TCH716,007,0,0022,,0001
1054,TOR,TCH716,008,0,0022,,0001
1055,TOR,TCH716,009,0,0022,,0001
1056,TOR,TCH716,010,0,0022,,0001
1057,TOR,TCH716,011,0,0022,,0001
1058,TOR,TCH120,001,0,0022,,0001
1059,TOR,TCH120,002,0,0022,,0001
1060,TOR,TCH120,003,0,0022,,0001
1061,TOR,TCH120,004,0,0022,,0001
1062,TOR,TCH120,005,0,0022,,0001
1063,TOR,TCH120,006,0,0022,,0001
1064,TOR,TCH120,007,0,0022,,0001
1065,TOR,TCH120,008,0,0022,,0001
1066,TOR,TCH120,009,0,0022,,0001
1067,TOR,TCH120,010,0,0022,,0001
1068,TOR,TCH120,011,0,0022,,0001
1069,TOR,TCH120,012,0,0022,,0001
1070,TOR,TCH120,013,0,0022,,0001
1071,TOR,TCH916,001,0,0022,,0001
1072,TOR,TCH916,002,0,0022,,0001
1073,TOR,TCH916,003,0,0022,,0001
1074,TOR,TCH916,004,0,0022,,0001
1075,TOR,TCH916,005,0,0022,,0001
1076,TOR,TCH916,006,0,0022,,0001
1077,TOR,TCH916,007,0,0022,,0001
1078,TOR,TCH916,008,0,0022,,0001
1079,TOR,TCH916,009,0,0022,,0001
1080,TOR,TCH916,010,0,0022,,0001
1081,TOR,TCH916,011,0,0022,,0001
1082,TOR,TCH916,012,0,0022,,0001
1083,TOR,TCH916,013,0,0022,,0001
1084,TOR,TCH580,001,0,0022,,0001
1085,TOR,TCH580,002,0,0022,,0001
1086,TOR,TCH580,003,0,0022,,0001
1087,TOR,TCH580,004,0,0022,,0001
1088,TOR,TCH580,005,0,0022,,0001
1089,TOR,TCH580,006,0,0022,,0001
1090,TOR,TCH580,007,0,0022,,0001
1091,TOR,TCH580,008,0,0022,,0001
1092,TOR,TCH580,009,0,0022,,0001
1093,TOR,TCH580,010,0,0022,,0001
1094,TOR,TCH580,011,0,0022,,0001
1095,TOR,TCH580,012,0,0022,,0001
1096,TOR,TCH340,001,0,0022,,0001
1097,TOR,TCH340,002,0,0022,,0001
1098,TOR,TCH340,003,0,0022,,0001
1099,TOR,TCH340,004,0,0022,,0001
1100,TOR,TCH340,005,0,0022,,0001
1101,TOR,TCH340,006,0,0022,,0001
1102,TOR,TCH340,007,0,0022,,0001
1103,TOR,TCH340,008,0,0022,,0001
1104,TOR,TCH340,009,0,0022,,0001
1105,TOR,TCH340,010,0,0022,,0001
1106,TOR,TCH340,011,0,0022,,0001
1107,TOR,TCH340,012,0,0022,,0001
1108,TOR,TCH780,001,0,0022,,0001
1109,TOR,TCH780,002,0,0022,,0001
1110,TOR,TCH780,003,0,0022,,0001
1111,TOR,TCH780,004,0,0022,,0001
1112,TOR,TCH780,005,0,0022,,0001
1113,TOR,TCH780,006,0,0022,,0001
1114,TOR,TCH780,007,0,0022,,0001
1115,TOR,TCH780,008,0,0022,,0001
1116,TOR,TCH780,009,0,0022,,0001
1117,TOR,TCH780,010,0,0022,,0001
1118,TOR,TCH780,011,0,0022,,0001
1119,TOR,TCH780,012,0,0022,,0001
1120,TOR,TCH780,013,0,0022,,0001
1121,TOR,TCH100,001,0,0022,,0001
1122,TOR,TCH100,002,0,0022,,0001
1123,TOR,TCH100,003,0,0022,,0001
1124,TOR,TCH100,004,0,0022,,0001
1125,TOR,TCH100,005,0,0022,,0001
1126,TOR,TCH100,006,0,0022,,0001
1127,TOR,TCH100,007,0,0022,,0001
1128,TOR,TCH100,008,0,0022,,0001
1129,TOR,TCH100,009,0,0022,,0001
1130,TOR,TCH100,010,0,0022,,0001
1131,TOR,TCH100,011,0,0022,,0001
1132,TOR,TCH100,012,0,0022,,0001
1133,TOR,TCH100,013,0,0022,,0001
1134,TOR,TCH118,001,0,0022,,0001
1135,TOR,TCH118,002,0,0022,,0001
1136,TOR,TCH118,003,0,0022,,0001
1137,TOR,TCH118,004,0,0022,,0001
1138,TOR,TCH118,005,0,0022,,0001
1139,TOR,TCH118,006,0,0022,,0001
1140,TOR,TCH118,007,0,0022,,0001
1141,TOR,TCH118,008,0,0022,,0001
1142,TOR,TCH118,009,0,0022,,0001
1143,TOR,TCH118,010,0,0022,,0001
1144,TOR,TCH118,011,0,0022,,0001
1145,TOR,TCH114,001,0,0022,,0001
1146,TOR,TCH114,002,0,0022,,0001
1147,TOR,TCH114,003,0,0022,,0001
1148,TOR,TCH114,004,0,0022,,0001
1149,TOR,TCH114,005,0,0022,,0001
1150,TOR,TCH114,006,0,0022,,0001
1151,TOR,TCH114,007,0,0022,,0001
1152,TOR,TCH114,008,0,0022,,0001
1153,TOR,TCH114,009,0,0022,,0001
1154,TOR,TCH114,010,0,0022,,0001
1155,TOR,TCH114,011,0,0022,,0001
1156,TOR,TCH112,001,0,0022,,0001
1157,TOR,TCH112,002,0,0022,,0001
1158,TOR,TCH112,003,0,0022,,0001
1159,TOR,TCH112,004,0,0022,,0001
1160,TOR,TCH112,005,0,0022,,0001
1161,TOR,TCH112,006,0,0022,,0001
1162,TOR,TCH112,007,0,0022,,0001
1163,TOR,TCH112,008,0,0022,,0001
1164,TOR,TCH112,009,0,0022,,0001
1165,TOR,TCH112,010,0,0022,,0001
1166,TOR,TBC140,001,0,0022,,0001
1167,TOR,TBC140,002,0,0022,,0001
1168,TOR,TBC140,003,0,0022,,0001
1169,TOR,TBC140,004,0,0022,,0001
1170,TOR,TBC140,005,0,0022,,0001
1171,TOR,TBC140,006,0,0022,,0001
1172,TOR,TBC140,007,0,0022,,0001
1173,TOR,TBC140,008,0,0022,,0001
1174,TOR,TBC140,009,0,0022,,0001
1175,TOR,TBC140,010,0,0022,,0001
1176,TOR,TBC516,001,0,0022,,0001
1177,TOR,TBC516,002,0,0022,,0001
1178,TOR,TBC516,003,0,0022,,0001
1179,TOR,TBC516,004,0,0022,,0001
1180,TOR,TBC516,005,0,0022,,0001
1181,TOR,TBC516,006,0,0022,,0001
1182,TOR,TBC516,007,0,0022,,0001
1183,TOR,TBC516,008,0,0022,,0001
1184,TOR,TBC516,009,0,0022,,0001
1185,TOR,TBC516,010,0,0022,,0001
1186,TOR,TBC380,001,0,0022,,0001
1187,TOR,TBC380,002,0,0022,,0001
1188,TOR,TBC380,003,0,0022,,0001
1189,TOR,TBC380,004,0,0022,,0001
1190,TOR,TBC380,005,0,0022,,0001
1191,TOR,TBC380,006,0,0022,,0001
1192,TOR,TBC380,007,0,0022,,0001
1193,TOR,TBC380,008,0,0022,,0001
1194,TOR,TBC380,009,0,0022,,0001
1195,TOR,TBC716,001,0,0022,,0001
1196,TOR,TBC716,002,0,0022,,0001
1197,TOR,TBC716,003,0,0022,,0001
1198,TOR,TBC716,004,0,0022,,0001
1199,TOR,TBC716,005,0,0022,,0001
1200,TOR,TBC716,006,0,0022,,0001
1201,TOR,TBC716,007,0,0022,,0001
1202,TOR,TBC716,008,0,0022,,0001
1203,TOR,TBC716,009,0,0022,,0001
1204,TOR,TBC120,001,0,0022,,0001
1205,TOR,TBC120,002,0,0022,,0001
1206,TOR,TBC120,003,0,0022,,0001
1207,TOR,TBC120,004,0,0022,,0001
1208,TOR,TBC120,005,0,0022,,0001
1209,TOR,TBC120,006,0,0022,,0001
1210,TOR,TBC120,007,0,0022,,0001
1211,TOR,TBC120,008,0,0022,,0001
1212,TOR,TBC120,009,0,0022,,0001
1213,TOR,TBC120,010,0,0022,,0001
1214,TOR,TBC120,011,0,0022,,0001
1215,TOR,TBC916,001,0,0022,,0001
1216,TOR,TBC916,002,0,0022,,0001
1217,TOR,TBC916,003,0,0022,,0001
1218,TOR,TBC916,004,0,0022,,0001
1219,TOR,TBC916,005,0,0022,,0001
1220,TOR,TBC916,006,0,0022,,0001
1221,TOR,TBC916,007,0,0022,,0001
1222,TOR,TBC916,008,0,0022,,0001
1223,TOR,TBC916,009,0,0022,,0001
1224,TOR,TBC916,010,0,0022,,0001
1225,TOR,TBC916,011,0,0022,,0001
1226,TOR,TBC580,001,0,0022,,0001
1227,TOR,TBC580,002,0,0022,,0001
1228,TOR,TBC580,003,0,0022,,0001
1229,TOR,TBC580,004,0,0022,,0001
1230,TOR,TBC580,005,0,0022,,0001
1231,TOR,TBC580,006,0,0022,,0001
1232,TOR,TBC580,007,0,0022,,0001
1233,TOR,TBC580,008,0,0022,,0001
1234,TOR,TBC580,009,0,0022,,0001
1235,TOR,TBC580,010,0,0022,,0001
1236,TOR,TBC340,001,0,0022,,0001
1237,TOR,TBC340,002,0,0022,,0001
1238,TOR,TBC340,003,0,0022,,0001
1239,TOR,TBC340,004,0,0022,,0001
1240,TOR,TBC340,005,0,0022,,0001
1241,TOR,TBC340,006,0,0022,,0001
1242,TOR,TBC340,007,0,0022,,0001
1243,TOR,TBC340,008,0,0022,,0001
1244,TOR,TBC340,009,0,0022,,0001
1245,TOR,TBC340,010,0,0022,,0001
1246,TOR,TCA380,001,0,0022,,0001
1247,TOR,TCA380,002,0,0022,,0001
1248,TOR,TCA380,003,0,0022,,0001
1249,TOR,TCA380,004,0,0022,,0001
1250,TOR,TCA380,005,0,0022,,0001
1251,TOR,TCA380,006,0,0022,,0001
1252,TOR,TCA380,007,0,0022,,0001
1253,TOR,TCA380,008,0,0022,,0001
1254,TOR,TCA380,009,0,0022,,0001
1255,TOR,TCA380,010,0,0022,,0001
1256,TOR,TCA580,001,0,0022,,0001
1257,TOR,TCA580,002,0,0022,,0001
1258,TOR,TCA580,003,0,0022,,0001
1259,TOR,TCA580,004,0,0022,,0001
1260,TOR,TCA340,001,0,0022,,0001
1261,TOR,TCA340,002,0,0022,,0001
1262,TOR,TCA340,003,0,0022,,0001
1263,TOR,TCA340,004,0,0022,,0001
1264,TOR,TCJ380,001,0,0022,,0001
1265,TOR,TCJ380,002,0,0022,,0001
1266,TOR,TCJ380,003,0,0022,,0001
1267,TOR,TCJ380,004,0,0022,,0001
1268,TOR,TCJ380,005,0,0022,,0001
1269,TOR,TCJ380,006,0,0022,,0001
1270,TOR,TCJ380,007,0,0022,,0001
1271,TOR,TCJ380,008,0,0022,,0001
1272,TOR,TCJ380,009,0,0022,,0001
1273,TOR,TCJ380,010,0,0022,,0001
1274,TOR,TCJ380,011,0,0022,,0001
1275,TOR,TCJ120,001,0,0022,,0001
1276,TOR,TCJ120,002,0,0022,,0001
1277,TOR,TCJ120,003,0,0022,,0001
1278,TOR,TCJ120,004,0,0022,,0001
1279,TOR,TCJ120,005,0,0022,,0001
1280,TOR,TCJ120,006,0,0022,,0001
1281,TOR,TCJ120,007,0,0022,,0001
1282,TOR,TCJ120,008,0,0022,,0001
1283,TOR,TCJ120,009,0,0022,,0001
1284,TOR,TCJ120,010,0,0022,,0001
1285,TOR,TCJ120,011,0,0022,,0001
1286,TOR,TCJ580,001,0,0022,,0001
1287,TOR,TCJ580,002,0,0022,,0001
1288,TOR,TCJ580,003,0,0022,,0001
1289,TOR,TCJ580,004,0,0022,,0001
1290,TOR,TCJ580,005,0,0022,,0001
1291,TOR,TCJ580,006,0,0022,,0001
1292,TOR,TCJ580,007,0,0022,,0001
1293,TOR,TCJ580,008,0,0022,,0001
1294,TOR,TCJ580,009,0,0022,,0001
1295,TOR,TCJ580,010,0,0022,,0001
1296,TOR,TCJ580,011,0,0022,,0001
1297,TOR,TCJ580,012,0,0022,,0001
1298,TOR,TCJ340,001,0,0022,,0001
1299,TOR,TCJ340,002,0,0022,,0001
1300,TOR,TCJ340,003,0,0022,,0001
1301,TOR,TCJ340,004,0,0022,,0001
1302,TOR,TCJ340,005,0,0022,,0001
1303,TOR,TCJ340,006,0,0022,,0001
1304,TOR,TCJ340,007,0,0022,,0001
1305,TOR,TCJ340,008,0,0022,,0001
1306,TOR,TCJ340,009,0,0022,,0001
1307,TOR,TCJ340,010,0,0022,,0001
1308,TOR,TCJ340,011,0,0022,,0001
1309,TOR,TCJ340,012,0,0022,,0001
1310,TOI,TCH140,001,0,0022,,0001
1311,TOI,TCH140,002,0,0022,,0001
1312,TOI,TCH140,003,0,0022,,0001
1313,TOI,TCH140,004,0,0022,,0001
1314,TOI,TCH140,005,0,0022,,0001
1315,TOI,TCH140,006,0,0022,,0001
1316,TOI,TCH140,007,0,0022,,0001
1317,TOI,TCH140,008,0,0022,,0001
1318,TOI,TCH140,009,0,0022,,0001
1319,TOI,TCH140,010,0,0022,,0001
1320,TOI,TCH516,001,0,0022,,0001
1321,TOI,TCH516,002,0,0022,,0001
1322,TOI,TCH516,003,0,0022,,0001
1323,TOI,TCH516,004,0,0022,,0001
1324,TOI,TCH516,005,0,0022,,0001
1325,TOI,TCH516,006,0,0022,,0001
1326,TOI,TCH516,007,0,0022,,0001
1327,TOI,TCH516,008,0,0022,,0001
1328,TOI,TCH516,009,0,0022,,0001
1329,TOI,TCH516,010,0,0022,,0001
1330,TOI,TCH380,001,0,0022,,0001
1331,TOI,TCH380,002,0,0022,,0001
1332,TOI,TCH380,003,0,0022,,0001
1333,TOI,TCH380,004,0,0022,,0001
1334,TOI,TCH380,005,0,0022,,0001
1335,TOI,TCH380,006,0,0022,,0001
1336,TOI,TCH380,007,0,0022,,0001
1337,TOI,TCH380,008,0,0022,,0001
1338,TOI,TCH380,009,0,0022,,0001
1339,TOI,TCH716,001,0,0022,,0001
1340,TOI,TCH716,002,0,0022,,0001
1341,TOI,TCH716,003,0,0022,,0001
1342,TOI,TCH716,004,0,0022,,0001
1343,TOI,TCH716,005,0,0022,,0001
1344,TOI,TCH716,006,0,0022,,0001
1345,TOI,TCH716,007,0,0022,,0001
1346,TOI,TCH716,008,0,0022,,0001
1347,TOI,TCH716,009,0,0022,,0001
1348,TOI,TCH120,001,0,0022,,0001
1349,TOI,TCH120,002,0,0022,,0001
1350,TOI,TCH120,003,0,0022,,0001
1351,TOI,TCH120,004,0,0022,,0001
1352,TOI,TCH120,005,0,0022,,0001
1353,TOI,TCH120,006,0,0022,,0001
1354,TOI,TCH120,007,0,0022,,0001
1355,TOI,TCH120,008,0,0022,,0001
1356,TOI,TCH120,009,0,0022,,0001
1357,TOI,TCH120,010,0,0022,,0001
1358,TOI,TCH916,001,0,0022,,0001
1359,TOI,TCH916,002,0,0022,,0001
1360,TOI,TCH916,003,0,0022,,0001
1361,TOI,TCH916,004,0,0022,,0001
1362,TOI,TCH916,005,0,0022,,0001
1363,TOI,TCH916,006,0,0022,,0001
1364,TOI,TCH916,007,0,0022,,0001
1365,TOI,TCH916,008,0,0022,,0001
1366,TOI,TCH916,009,0,0022,,0001
1367,TOI,TCH916,010,0,0022,,0001
1368,TOI,TCH580,001,0,0022,,0001
1369,TOI,TCH580,002,0,0022,,0001
1370,TOI,TCH580,003,0,0022,,0001
1371,TOI,TCH580,004,0,0022,,0001
1372,TOI,TCH580,005,0,0022,,0001
1373,TOI,TCH580,006,0,0022,,0001
1374,TOI,TCH580,007,0,0022,,0001
1375,TOI,TCH580,008,0,0022,,0001
1376,TOI,TCH580,009,0,0022,,0001
1377,TOI,TCH340,001,0,0022,,0001
1378,TOI,TCH340,002,0,0022,,0001
1379,TOI,TCH340,003,0,0022,,0001
1380,TOI,TCH340,004,0,0022,,0001
1381,TOI,TCH340,005,0,0022,,0001
1382,TOI,TCH340,006,0,0022,,0001
1383,TOI,TCH340,007,0,0022,,0001
1384,TOI,TCH340,008,0,0022,,0001
1385,TOI,TCH340,009,0,0022,,0001
1386,TOI,TCH780,001,0,0022,,0001
1387,TOI,TCH780,002,0,0022,,0001
1388,TOI,TCH780,003,0,0022,,0001
1389,TOI,TCH780,004,0,0022,,0001
1390,TOI,TCH780,005,0,0022,,0001
1391,TOI,TCH780,006,0,0022,,0001
1392,TOI,TCH780,007,0,0022,,0001
1393,TOI,TCH780,008,0,0022,,0001
1394,TOI,TCH100,001,0,0022,,0001
1395,TOI,TCH100,002,0,0022,,0001
1396,TOI,TCH100,003,0,0022,,0001
1397,TOI,TCH100,004,0,0022,,0001
1398,TOI,TCH100,005,0,0022,,0001
1399,TOI,TCH100,006,0,0022,,0001
1400,TOI,TCH100,007,0,0022,,0001
1401,TOI,TCH100,008,0,0022,,0001
1402,TOR,TPR140,001,0,0022,,0001
1403,TOR,TPR140,002,0,0022,,0001
1404,TOR,TPR140,003,0,0022,,0001
1405,TOR,TPR140,004,0,0022,,0001
1406,TOR,TPR140,005,0,0022,,0001
1407,TOR,TPR140,006,0,0022,,0001
1408,TOR,TPR140,007,0,0022,,0001
1409,TOR,TPR140,008,0,0022,,0001
1410,TOR,TPR516,001,0,0022,,0001
1411,TOR,TPR516,002,0,0022,,0001
1412,TOR,TPR516,003,0,0022,,0001
1413,TOR,TPR516,004,0,0022,,0001
1414,TOR,TPR516,005,0,0022,,0001
1415,TOR,TPR516,006,0,0022,,0001
1416,TOR,TPR516,007,0,0022,,0001
1417,TOR,TPR380,001,0,0022,,0001
1418,TOR,TPR380,002,0,0022,,0001
1419,TOR,TPR380,003,0,0022,,0001
1420,TOR,TPR380,004,0,0022,,0001
1421,TOR,TPR380,005,0,0022,,0001
1422,TOR,TPR380,006,0,0022,,0001
1423,TOR,TPR380,007,0,0022,,0001
1424,TOR,TPR716,001,0,0022,,0001
1425,TOR,TPR716,002,0,0022,,0001
1426,TOR,TPR716,003,0,0022,,0001
1427,TOR,TPR716,004,0,0022,,0001
1428,TOR,TPR716,005,0,0022,,0001
1429,TOR,TPR716,006,0,0022,,0001
1430,TOR,TPR120,001,0,0022,,0001
1431,TOR,TPR120,002,0,0022,,0001
1432,TOR,TPR120,003,0,0022,,0001
1433,TOR,TPR120,004,0,0022,,0001
1434,TOR,TPR120,005,0,0022,,0001
1435,TOR,TPR120,006,0,0022,,0001
1436,TOR,TPR120,007,0,0022,,0001
1437,TOR,TPR120,008,0,0022,,0001
1438,TOR,TPR580,001,0,0022,,0001
1439,TOR,TPR580,002,0,0022,,0001
1440,TOR,TPR580,003,0,0022,,0001
1441,TOR,TPR580,004,0,0022,,0001
1442,TOR,TPR580,005,0,0022,,0001
1443,TOR,TPR580,006,0,0022,,0001
1444,TOR,TPR580,007,0,0022,,0001
1445,TOR,TPR580,008,0,0022,,0001
1446,TOR,TCC140,001,0,0022,,0001
1447,TOR,TCC140,002,0,0022,,0001
1448,TOR,TCC140,003,0,0022,,0001
1449,TOR,TCC140,004,0,0022,,0001
1450,TOR,TCC140,005,0,0022,,0001
1451,TOR,TCC140,006,0,0022,,0001
1452,TOR,TCC516,001,0,0022,,0001
1453,TOR,TCC516,002,0,0022,,0001
1454,TOR,TCC516,003,0,0022,,0001
1455,TOR,TCC516,004,0,0022,,0001
1456,TOR,TCC516,005,0,0022,,0001
1457,TOR,TCC516,006,0,0022,,0001
1458,TOR,TCC380,001,0,0022,,0001
1459,TOR,TCC380,002,0,0022,,0001
1460,TOR,TCC380,003,0,0022,,0001
1461,TOR,TCC380,004,0,0022,,0001
1462,TOR,TCC380,005,0,0022,,0001
1463,TOR,TCC380,006,0,0022,,0001
1464,TOR,TCC716,001,0,0022,,0001
1465,TOR,TCC716,002,0,0022,,0001
1466,TOR,TCC716,003,0,0022,,0001
1467,TOR,TCC716,004,0,0022,,0001
1468,TOR,TCC716,005,0,0022,,0001
1469,TOR,TCC120,001,0,0022,,0001
1470,TOR,TCC120,002,0,0022,,0001
1471,TOR,TCC120,003,0,0022,,0001
1472,TOR,TCC120,004,0,0022,,0001
1473,TOR,TCC120,005,0,0022,,0001
1474,TOR,TCC120,006,0,0022,,0001
1475,TOR,TCC120,007,0,0022,,0001
1476,TOR,TCC580,001,0,0022,,0001
1477,TOR,TCC580,002,0,0022,,0001
1478,TOR,TCC580,003,0,0022,,0001
1479,TOR,TCC580,004,0,0022,,0001
1480,TOR,TCC580,005,0,0022,,0001
1481,TOR,TCC580,006,0,0022,,0001
1482,TUE,TH0000,001,0,0022,,0001
1483,TUE,TH0000,002,0,0022,,0001
1484,TUE,TH0000,003,0,0022,,0001
1485,TUE,TH0000,004,0,0022,,0001
1486,TUE,TH0000,005,0,0022,,0001
1487,TUE,TH0000,006,0,0022,,0001
1488,TUE,TH0000,007,0,0022,,0001
1489,TUE,TH0000,008,0,0022,,0001
1490,TUE,TH0000,009,0,0022,,0001
1491,TUE,TH0000,010,0,0022,,0001
1492,TUE,TH0000,011,0,0022,,0001
1493,TUE,TH0000,012,0,0022,,0001
1494,TUE,TH0000,013,0,0022,,0001
1495,TUE,THA000,001,0,0022,,0001
1496,TUE,THA000,002,0,0022,,0001
1497,TUE,THA000,003,0,0022,,0001
1498,TUE,THA000,004,0,0022,,0001
1499,TUE,THA000,005,0,0022,,0001
1500,TUE,THA000,006,0,0022,,0001
1501,TUE,THA000,007,0,0022,,0001
1502,TUE,THA000,008,0,0022,,0001
1503,TUE,THA000,009,0,0022,,0001
1504,TUE,THA000,010,0,0022,,0001
1505,TUE,THA000,011,0,0022,,0001
1506,TUE,THA000,012,0,0022,,0001
1507,TUE,THS000,001,0,0022,,0001
1508,TUE,THS000,002,0,0022,,0001
1509,TUE,THS000,003,0,0022,,0001
1510,TUE,THS000,004,0,0022,,0001
1511,TUE,THS000,005,0,0022,,0001
1512,TUE,THS000,006,0,0022,,0001
1513,TUE,THS000,007,0,0022,,0001
1514,TUE,THS000,008,0,0022,,0001
1515,TUE,THS000,009,0,0022,,0001
1516,TUE,THS000,010,0,0022,,0001
1517,TUE,THS000,011,0,0022,,0001
1518,TUE,THS000,012,0,0022,,0001
1519,TUE,THS000,013,0,0022,,0001
1520,TUE,THM000,001,0,0022,,0001
1521,TUE,THM000,002,0,0022,,0001
1522,TUE,THM000,003,0,0022,,0001
1523,TUE,THM000,004,0,0022,,0001
1524,TUE,THM000,005,0,0022,,0001
1525,TUE,THM000,006,0,0022,,0001
1526,TUE,THM000,007,0,0022,,0001
1527,TUI,THI000,001,0,0022,,0001
1528,TUI,THI000,002,0,0022,,0001
1529,TUI,THI000,003,0,0022,,0001
1530,TUI,THI000,004,0,0022,,0001
1531,TUI,THI000,005,0,0022,,0001
1532,TUI,THI000,006,0,0022,,0001
1533,TUI,THI000,007,0,0022,,0001
1534,TUI,THI000,008,0,0022,,0001
1535,TUI,THI000,009,0,0022,,0001
1536,TUI,THI000,010,0,0022,,0001
1537,TUE,TRC000,001,0,0022,,0001
1538,TUE,TRC000,002,0,0022,,0001
1539,TUE,TRC000,003,0,0022,,0001
1540,TUE,TRC000,004,0,0022,,0001
1541,TUE,TRC000,005,0,0022,,0001
1542,TUE,TRC000,006,0,0022,,0001
1543,TUE,TRC000,007,0,0022,,0001
1544,PIN,CHV532,001,0,0022,,0001
1545,PIN,CHV532,002,0,0022,,0001
1546,PIN,CHV532,003,0,0022,,0001
1547,PIN,CHV532,004,0,0022,,0001
1548,PIN,CHV532,005,0,0022,,0001
1549,PIN,CHV316,001,0,0022,,0001
1550,PIN,CHV316,002,0,0022,,0001
1551,PIN,CHV316,003,0,0022,,0001
1552,PIN,CHV316,004,0,0022,,0001
1553,PIN,CHV316,005,0,0022,,0001
1554,PIN,CHV140,001,0,0022,,0001
1555,PIN,CHV140,002,0,0022,,0001
1556,PIN,CHV140,003,0,0022,,0001
1557,PIN,CHV140,004,0,0022,,0001
1558,PIN,CHV140,005,0,0022,,0001
1559,PIN,CHV140,006,0,0022,,0001
1560,PIN,CHV140,007,0,0022,,0001
1561,PIN,CHV516,001,0,0022,,0001
1562,PIN,CHV516,002,0,0022,,0001
1563,PIN,CHV516,003,0,0022,,0001
1564,PIN,CHV516,004,0,0022,,0001
1565,PIN,CHV516,005,0,0022,,0001
1566,PIN,CHV380,001,0,0022,,0001
1567,PIN,CHV380,002,0,0022,,0001
1568,PIN,CHV380,003,0,0022,,0001
1569,PIN,CHV380,004,0,0022,,0001
1570,PIN,CHV380,005,0,0022,,0001
1571,PIN,TUB500,001,0,0022,,0001
1572,PIN,TUB500,002,0,0022,,0001
1573,PIN,TUB500,003,0,0022,,0001
1574,PIN,TUB500,004,0,0022,,0001
1575,PIN,TUB500,005,0,0022,,0001
1576,PIN,TUB600,001,0,0022,,0001
1577,PIN,TUB600,002,0,0022,,0001
1578,PIN,TUB600,003,0,0022,,0001
1579,PIN,TUB600,004,0,0022,,0001
1580,PIN,TUB600,005,0,0022,,0001
1581,ANS,RTW000,001,450,0022,,0001
1582,ANS,RTW000,002,500,0022,,0001
1583,ANS,RTW000,003,500,0022,,0001
1584,ANS,RTW000,004,500,0022,,0001
1585,ANS,RTW000,005,500,0022,,0001
1586,ANS,RTW000,006,500,0022,,0001
1587,ANS,RTW000,007,600,0022,,0001
1588,ANS,RTW000,008,600,0022,,0001
1589,ANS,RTW000,009,600,0022,,0001
1590,ANS,RTW000,010,600,0022,,0001
1591,ANS,RTW000,011,600,0022,,0001
1592,ANS,RTW000,012,700,0022,,0001
1593,ANS,RTW000,013,700,0022,,0001
1594,ANS,STW000,001,150,0022,,0001
1595,ANS,STW000,002,150,0022,,0001
1596,ANS,STW000,003,200,0022,,0001
1597,ANS,STW000,004,200,0022,,0001
1598,ANS,STW000,005,300,0022,,0001
1599,ANS,STW000,006,300,0022,,0001
1600,ANS,STW000,007,500,0022,,0001
1601,ANS,STW000,008,400,0022,,0001
1602,ANS,STW000,009,400,0022,,0001
1603,CHA,EXP380,001,0,0022,,0001
1604,CHA,EXP380,002,0,0022,,0001
1605,CHA,EXP380,003,0,0022,,0001
1606,CHA,EXP380,004,0,0022,,0001
1607,CHA,EXP380,005,0,0022,,0001
1608,CHA,EXP120,001,0,0022,,0001
1609,CHA,EXP120,002,0,0022,,0001
1610,CHA,EXP120,003,0,0022,,0001
1611,CHA,EXP120,004,0,0022,,0001
1612,CHA,EXP120,005,0,0022,,0001
1613,CHA,EXP120,006,0,0022,,0001
1614,CHA,EXP580,001,0,0022,,0001
1615,CHA,EXP580,002,0,0022,,0001
1616,CHA,EXP580,003,0,0022,,0001
1617,CHA,EXP580,004,0,0022,,0001
1618,CHA,EXP580,005,0,0022,,0001
1619,CHA,EXP580,006,0,0022,,0001
1620,CHA,EXP340,001,0,0022,,0001
1621,CHA,EXP340,002,0,0022,,0001
1622,CHA,EXP340,003,0,0022,,0001
1623,GRI,GAL000,001,0,0022,,0001
1624,GRI,GAL000,002,0,0022,,0001
1625,GRI,GAL000,003,0,0022,,0001
1626,GRI,GAL000,004,0,0022,,0001
1627,GRI,GAL000,005,0,0022,,0001
1628,GRI,GAL000,006,0,0022,,0001
1629,PRR,GAL000,001,0,0022,,0001
1630,PRR,GAL000,002,0,0022,,0001
1631,PRR,GAL000,003,0,0022,,0001
1632,PRR,GAL000,004,0,0022,,0001
1633,PRR,GAL000,005,0,0022,,0001
1634,PRR,GAL000,006,0,0022,,0001
1635,TEN,GAL000,001,0,0022,,0001
1636,TEN,GAL000,002,0,0022,,0001
1637,TEN,GAL000,003,0,0022,,0001
1638,TEN,GAL000,004,0,0022,,0001
1639,TEN,GAL000,005,0,0022,,0001
1640,TEN,GAL000,006,0,0022,,0001
